machine_id,event_time,parameter_name,parameter_value
MACH001,2026-02-08T06:17:06.247411,vibration,1.524
MACH002,2026-02-08T13:17:06.247411,rpm,1251.869
MACH002,2026-02-08T05:17:06.247411,vibration,1.72
MACH001,2026-02-06T21:17:06.247411,pressure,6.465
MACH001,2026-02-07T03:17:06.247411,rpm,1267.777
MACH002,2026-02-08T10:17:06.247411,rpm,1298.82
MACH001,2026-02-07T04:17:06.247411,rpm,1297.555
MACH001,2026-02-07T16:17:06.247411,energy,3257.129
MACH002,2026-02-08T16:17:06.247411,pressure,8.161
MACH001,2026-02-07T03:17:06.247411,temperature,55.622
MACH002,2026-02-08T13:17:06.247411,energy,2780.943
MACH002,2026-02-08T02:17:06.247411,energy,3151.469
MACH002,2026-02-07T06:17:06.247411,vibration,0.102
MACH001,2026-02-07T02:17:06.247411,vibration,0.264
MACH001,2026-02-08T03:17:06.247411,vibration,0.829
MACH001,2026-02-08T06:17:06.247411,pressure,4.985
MACH001,2026-02-07T19:17:06.247411,energy,2971.205
MACH001,2026-02-08T18:17:06.247411,pressure,6.016
MACH001,2026-02-07T13:17:06.247411,energy,2534.905
MACH002,2026-02-08T05:17:06.247411,rpm,1005.577
MACH002,2026-02-08T12:17:06.247411,temperature,56.058
MACH001,2026-02-07T19:17:06.247411,pressure,7.105
MACH002,2026-02-08T05:17:06.247411,temperature,56.084
MACH002,2026-02-07T14:17:06.247411,rpm,1156.739
MACH002,2026-02-07T21:17:06.247411,vibration,0.242
MACH001,2026-02-07T16:17:06.247411,vibration,0.222
MACH002,2026-02-08T00:17:06.247411,energy,2410.127
MACH002,2026-02-07T12:17:06.247411,vibration,0.201
MACH001,2026-02-07T09:17:06.247411,pressure,6.69
MACH001,2026-02-06T22:17:06.247411,temperature,61.997
MACH002,2026-02-07T07:17:06.247411,vibration,0.1
MACH001,2026-02-07T04:17:06.247411,energy,2932.505
MACH002,2026-02-07T21:17:06.247411,rpm,1215.242
MACH002,2026-02-08T14:17:06.247411,temperature,65.228
MACH001,2026-02-07T16:17:06.247411,temperature,66.699
MACH002,2026-02-08T13:17:06.247411,temperature,69.832
MACH002,2026-02-08T09:17:06.247411,temperature,55.991
MACH001,2026-02-07T18:17:06.247411,pressure,5.934
MACH002,2026-02-08T16:17:06.247411,rpm,1134.667
MACH001,2026-02-08T01:17:06.247411,rpm,1310.493
MACH002,2026-02-07T20:17:06.247411,energy,3125.407
MACH001,2026-02-08T15:17:06.247411,pressure,6.014
MACH002,2026-02-07T05:17:06.247411,energy,3180.002
MACH002,2026-02-07T08:17:06.247411,vibration,0.568
MACH002,2026-02-07T08:17:06.247411,energy,2712.131
MACH001,2026-02-08T08:17:06.247411,temperature,70.287
MACH001,2026-02-06T19:17:06.247411,rpm,1157.221
MACH001,2026-02-06T19:17:06.247411,energy,2808.889
MACH001,2026-02-07T02:17:06.247411,energy,2347.779
MACH002,2026-02-07T01:17:06.247411,temperature,68.928
MACH001,2026-02-07T18:17:06.247411,energy,3482.642
MACH002,2026-02-07T21:17:06.247411,energy,3200.194
MACH002,2026-02-07T14:17:06.247411,temperature,55.406
MACH001,2026-02-07T22:17:06.247411,rpm,1321.707
MACH001,2026-02-08T07:17:06.247411,vibration,2.128
MACH002,2026-02-07T12:17:06.247411,pressure,6.846
MACH001,2026-02-08T07:17:06.247411,energy,2340.912
MACH001,2026-02-06T19:17:06.247411,temperature,72.312
MACH001,2026-02-07T18:17:06.247411,temperature,60.047
MACH002,2026-02-07T11:17:06.247411,pressure,6.244
MACH002,2026-02-08T14:17:06.247411,pressure,5.848
MACH001,2026-02-08T18:17:06.247411,vibration,0.352
MACH001,2026-02-07T02:17:06.247411,pressure,7.557
MACH001,2026-02-08T07:17:06.247411,pressure,6.165
MACH002,2026-02-07T10:17:06.247411,pressure,6.829
MACH001,2026-02-06T23:17:06.247411,pressure,6.876
MACH001,2026-02-07T13:17:06.247411,vibration,0.653
MACH001,2026-02-08T08:17:06.247411,rpm,1305.38
MACH001,2026-02-07T23:17:06.247411,rpm,1090.606
MACH001,2026-02-06T18:17:06.247411,temperature,72.896
MACH002,2026-02-07T14:17:06.247411,pressure,6.473
MACH002,2026-02-08T11:17:06.247411,vibration,0.462
MACH001,2026-02-07T04:17:06.247411,temperature,63.964
MACH002,2026-02-07T20:17:06.247411,pressure,5.614
MACH002,2026-02-07T05:17:06.247411,vibration,0.884
MACH002,2026-02-08T00:17:06.247411,temperature,70.247
MACH002,2026-02-07T08:17:06.247411,pressure,7.542
MACH001,2026-02-06T17:17:06.247411,vibration,1.21
MACH002,2026-02-08T14:17:06.247411,rpm,1282.877
MACH002,2026-02-07T10:17:06.247411,vibration,1.302
MACH002,2026-02-08T11:17:06.247411,temperature,65.342
MACH002,2026-02-07T07:17:06.247411,pressure,5.656
MACH001,2026-02-06T20:17:06.247411,rpm,1177.422
MACH002,2026-02-07T20:17:06.247411,temperature,63.059
MACH001,2026-02-07T22:17:06.247411,energy,3047.056
MACH001,2026-02-08T03:17:06.247411,energy,3140.048
MACH002,2026-02-08T10:17:06.247411,temperature,67.575
MACH002,2026-02-07T11:17:06.247411,temperature,68.62
MACH002,2026-02-07T11:17:06.247411,energy,2260.244
MACH002,2026-02-08T11:17:06.247411,energy,2319.947
MACH001,2026-02-07T19:17:06.247411,vibration,0.343
MACH001,2026-02-07T03:17:06.247411,energy,3172.234
MACH002,2026-02-07T05:17:06.247411,temperature,63.771
MACH002,2026-02-08T02:17:06.247411,pressure,5.746
MACH001,2026-02-06T23:17:06.247411,temperature,63.159
MACH002,2026-02-07T06:17:06.247411,rpm,1279.56
MACH002,2026-02-08T02:17:06.247411,rpm,1176.041
MACH002,2026-02-08T14:17:06.247411,vibration,0.622
MACH002,2026-02-07T01:17:06.247411,rpm,1265.919
MACH002,2026-02-07T10:17:06.247411,energy,3348.745
MACH002,2026-02-07T07:17:06.247411,temperature,61.101
MACH001,2026-02-07T17:17:06.247411,temperature,68.639
MACH001,2026-02-07T23:17:06.247411,vibration,0.373
MACH002,2026-02-08T09:17:06.247411,rpm,1056.41
MACH001,2026-02-08T06:17:06.247411,rpm,1148.703
MACH002,2026-02-07T21:17:06.247411,pressure,6.878
MACH002,2026-02-07T00:17:06.247411,vibration,0.164
MACH002,2026-02-08T02:17:06.247411,temperature,63.773
MACH001,2026-02-08T08:17:06.247411,energy,3233.22
MACH001,2026-02-06T17:17:06.247411,rpm,1414.166
MACH002,2026-02-07T06:17:06.247411,temperature,64.64
MACH001,2026-02-06T22:17:06.247411,pressure,6.208
MACH001,2026-02-07T02:17:06.247411,rpm,1213.443
MACH001,2026-02-07T17:17:06.247411,rpm,1221.694
MACH001,2026-02-07T19:17:06.247411,temperature,69.438
MACH002,2026-02-07T00:17:06.247411,rpm,1217.137
MACH002,2026-02-08T11:17:06.247411,rpm,1320.138
MACH001,2026-02-08T07:17:06.247411,rpm,1338.96
MACH001,2026-02-06T18:17:06.247411,pressure,7.267
MACH001,2026-02-07T13:17:06.247411,pressure,5.93
MACH002,2026-02-08T00:17:06.247411,vibration,0.203
MACH002,2026-02-07T14:17:06.247411,vibration,0.268
MACH002,2026-02-08T05:17:06.247411,pressure,6.257
MACH002,2026-02-08T09:17:06.247411,pressure,6.968
MACH001,2026-02-07T22:17:06.247411,temperature,58.815
MACH001,2026-02-07T22:17:06.247411,vibration,1.036
MACH002,2026-02-08T09:17:06.247411,vibration,0.435
MACH001,2026-02-06T20:17:06.247411,vibration,0.365
MACH002,2026-02-08T16:17:06.247411,temperature,61.141
MACH001,2026-02-07T17:17:06.247411,pressure,5.881
MACH002,2026-02-07T01:17:06.247411,pressure,9.0
MACH002,2026-02-07T14:17:06.247411,energy,2840.939
MACH001,2026-02-08T18:17:06.247411,temperature,57.403
MACH001,2026-02-07T04:17:06.247411,pressure,5.877
MACH001,2026-02-07T03:17:06.247411,vibration,0.278
MACH001,2026-02-07T17:17:06.247411,vibration,0.508
MACH001,2026-02-06T21:17:06.247411,rpm,1283.246
MACH002,2026-02-08T09:17:06.247411,energy,3062.719
MACH002,2026-02-08T14:17:06.247411,energy,3345.374
MACH001,2026-02-07T16:17:06.247411,pressure,6.493
MACH002,2026-02-07T15:17:06.247411,temperature,62.791
MACH001,2026-02-07T09:17:06.247411,vibration,2.29
MACH001,2026-02-07T03:17:06.247411,pressure,5.133
MACH002,2026-02-08T17:17:06.247411,vibration,0.582
MACH001,2026-02-06T22:17:06.247411,vibration,0.922
MACH001,2026-02-06T18:17:06.247411,energy,2567.649
MACH002,2026-02-07T08:17:06.247411,temperature,57.906
MACH001,2026-02-08T15:17:06.247411,vibration,0.455
MACH002,2026-02-08T12:17:06.247411,pressure,6.857
MACH002,2026-02-08T16:17:06.247411,vibration,0.152
MACH001,2026-02-06T20:17:06.247411,energy,3386.26
MACH001,2026-02-08T08:17:06.247411,vibration,1.08
MACH002,2026-02-07T10:17:06.247411,temperature,69.577
MACH002,2026-02-07T15:17:06.247411,pressure,6.416
MACH001,2026-02-08T15:17:06.247411,rpm,1284.001
MACH002,2026-02-07T05:17:06.247411,pressure,5.73
MACH001,2026-02-08T03:17:06.247411,rpm,1239.434
MACH001,2026-02-06T20:17:06.247411,pressure,5.758
MACH001,2026-02-06T22:17:06.247411,rpm,1183.824
MACH002,2026-02-08T05:17:06.247411,energy,3042.452
MACH002,2026-02-08T10:17:06.247411,energy,3332.353
MACH002,2026-02-08T17:17:06.247411,temperature,65.919
MACH001,2026-02-06T19:17:06.247411,vibration,0.1
MACH002,2026-02-07T15:17:06.247411,vibration,0.339
MACH001,2026-02-08T08:17:06.247411,pressure,6.551
MACH002,2026-02-07T00:17:06.247411,pressure,7.694
MACH001,2026-02-07T23:17:06.247411,temperature,69.27
MACH001,2026-02-08T03:17:06.247411,pressure,5.653
MACH001,2026-02-08T15:17:06.247411,temperature,64.464
MACH002,2026-02-07T00:17:06.247411,temperature,78.892
MACH002,2026-02-07T12:17:06.247411,energy,2662.914
MACH001,2026-02-08T18:17:06.247411,energy,2705.043
MACH002,2026-02-08T10:17:06.247411,vibration,1.281
MACH001,2026-02-08T15:17:06.247411,energy,2456.98
MACH002,2026-02-08T04:17:06.247411,pressure,7.477
MACH001,2026-02-06T21:17:06.247411,temperature,65.712
MACH001,2026-02-08T01:17:06.247411,energy,2416.042
MACH001,2026-02-07T16:17:06.247411,rpm,1275.193
MACH002,2026-02-08T00:17:06.247411,pressure,7.825
MACH002,2026-02-07T07:17:06.247411,rpm,1233.289
MACH002,2026-02-07T15:17:06.247411,energy,3373.406
MACH001,2026-02-07T04:17:06.247411,vibration,0.1
MACH001,2026-02-07T19:17:06.247411,rpm,953.03
MACH001,2026-02-07T13:17:06.247411,rpm,1185.353
MACH002,2026-02-07T15:17:06.247411,rpm,1306.579
MACH001,2026-02-08T01:17:06.247411,pressure,5.388
MACH001,2026-02-08T07:17:06.247411,temperature,70.482
MACH001,2026-02-07T23:17:06.247411,energy,2405.847
MACH002,2026-02-07T11:17:06.247411,vibration,0.254
MACH001,2026-02-06T18:17:06.247411,vibration,0.1
MACH002,2026-02-07T10:17:06.247411,rpm,1217.555
MACH001,2026-02-07T09:17:06.247411,temperature,57.907
MACH001,2026-02-06T23:17:06.247411,rpm,1129.555
MACH001,2026-02-07T18:17:06.247411,rpm,1287.359
MACH001,2026-02-07T02:17:06.247411,temperature,62.697
MACH002,2026-02-07T11:17:06.247411,rpm,1098.093
MACH002,2026-02-08T10:17:06.247411,pressure,9.0
MACH002,2026-02-07T21:17:06.247411,temperature,65.065
MACH001,2026-02-06T22:17:06.247411,energy,2391.379
MACH002,2026-02-07T01:17:06.247411,energy,2989.277
MACH002,2026-02-07T01:17:06.247411,vibration,2.599
MACH002,2026-02-07T07:17:06.247411,energy,2554.05
MACH002,2026-02-08T02:17:06.247411,vibration,0.247
MACH002,2026-02-08T11:17:06.247411,pressure,6.091
MACH002,2026-02-07T05:17:06.247411,rpm,1372.652
MACH002,2026-02-07T06:17:06.247411,pressure,7.504
MACH001,2026-02-06T19:17:06.247411,pressure,8.039
MACH002,2026-02-08T17:17:06.247411,pressure,7.078
MACH001,2026-02-08T03:17:06.247411,temperature,55.318
MACH002,2026-02-08T04:17:06.247411,energy,2371.643
MACH001,2026-02-08T06:17:06.247411,energy,2429.581
MACH001,2026-02-08T01:17:06.247411,temperature,62.687
MACH002,2026-02-08T17:17:06.247411,energy,2484.959
MACH001,2026-02-07T17:17:06.247411,energy,2781.839
MACH001,2026-02-08T01:17:06.247411,vibration,1.091
MACH002,2026-02-08T04:17:06.247411,vibration,0.1
MACH002,2026-02-07T20:17:06.247411,rpm,1076.914
MACH001,2026-02-07T23:17:06.247411,pressure,8.289
MACH001,2026-02-07T09:17:06.247411,energy,3449.168
MACH002,2026-02-08T12:17:06.247411,energy,2611.227
MACH002,2026-02-08T00:17:06.247411,rpm,1278.708
MACH001,2026-02-07T18:17:06.247411,vibration,0.1
MACH002,2026-02-08T12:17:06.247411,rpm,1308.895
MACH001,2026-02-06T17:17:06.247411,pressure,7.015
MACH002,2026-02-07T08:17:06.247411,rpm,1235.711
MACH001,2026-02-06T21:17:06.247411,energy,2966.804
MACH001,2026-02-06T20:17:06.247411,temperature,62.86
MACH001,2026-02-06T17:17:06.247411,energy,2320.877
MACH002,2026-02-08T16:17:06.247411,energy,2610.022
MACH001,2026-02-06T17:17:06.247411,temperature,62.249
MACH002,2026-02-07T12:17:06.247411,temperature,51.724
MACH001,2026-02-08T06:17:06.247411,temperature,60.766
MACH001,2026-02-07T22:17:06.247411,pressure,5.18
MACH002,2026-02-07T20:17:06.247411,vibration,0.1
MACH002,2026-02-08T13:17:06.247411,vibration,0.253
MACH002,2026-02-08T04:17:06.247411,rpm,1248.247
MACH001,2026-02-06T23:17:06.247411,energy,3026.445
MACH002,2026-02-08T17:17:06.247411,rpm,1392.362
MACH002,2026-02-07T06:17:06.247411,energy,3189.185
MACH001,2026-02-06T18:17:06.247411,rpm,1147.483
MACH001,2026-02-06T21:17:06.247411,vibration,0.503
MACH001,2026-02-07T13:17:06.247411,temperature,62.584
MACH002,2026-02-08T13:17:06.247411,pressure,5.989
MACH001,2026-02-06T23:17:06.247411,vibration,0.397
MACH002,2026-02-07T12:17:06.247411,rpm,1119.772
MACH002,2026-02-07T00:17:06.247411,energy,3095.387
MACH001,2026-02-07T09:17:06.247411,rpm,1282.373
MACH002,2026-02-08T04:17:06.247411,temperature,60.185
MACH001,2026-02-08T18:17:06.247411,rpm,1387.201
MACH002,2026-02-08T12:17:06.247411,vibration,0.715
